Name,Type
Amazon,General Marketplaces (Like Amazon)
eBay,General Marketplaces (Like Amazon)
Walmart,General Marketplaces (Like Amazon)
Target,General Marketplaces (Like Amazon)
Flipkart,General Marketplaces (Like Amazon)
AliExpress,General Marketplaces (Like Amazon)
Temu,General Marketplaces (Like Amazon)
Wish,General Marketplaces (Like Amazon)
Rakuten,General Marketplaces (Like Amazon)
Lazada,General Marketplaces (Like Amazon)
Shopee,General Marketplaces (Like Amazon)
Mercado Libre,General Marketplaces (Like Amazon)
Allegro,General Marketplaces (Like Amazon)
Cdiscount,General Marketplaces (Like Amazon)
Kaufland,General Marketplaces (Like Amazon)
Joom,General Marketplaces (Like Amazon)
Konga,General Marketplaces (Like Amazon)
Jumia,General Marketplaces (Like Amazon)
Ozon,General Marketplaces (Like Amazon)
Wildberries,General Marketplaces (Like Amazon)
Bol.com,General Marketplaces (Like Amazon)
Taobao,General Marketplaces (Like Amazon)
Tmall,General Marketplaces (Like Amazon)
JD.com,General Marketplaces (Like Amazon)
Coupang,General Marketplaces (Like Amazon)
Qoo10,General Marketplaces (Like Amazon)
Blibli,General Marketplaces (Like Amazon)
Tokopedia,General Marketplaces (Like Amazon)
Americanas,General Marketplaces (Like Amazon)
Magalu,General Marketplaces (Like Amazon)
Casas Bahia,General Marketplaces (Like Amazon)
Linio,General Marketplaces (Like Amazon)
Fyndiq,General Marketplaces (Like Amazon)
OnBuy,General Marketplaces (Like Amazon)
Otto Marketplace,General Marketplaces (Like Amazon)
Trendyol,General Marketplaces (Like Amazon)
Hepsiburada,General Marketplaces (Like Amazon)
Pinduoduo,General Marketplaces (Like Amazon)
Meesho,General Marketplaces (Like Amazon)
Snapdeal,General Marketplaces (Like Amazon)
Myntra,Dedicated Fashion Marketplaces
Ajio,Dedicated Fashion Marketplaces
Tata Cliq,Dedicated Fashion Marketplaces
Limeroad,Dedicated Fashion Marketplaces
Nykaa Fashion,Dedicated Fashion Marketplaces
About You,Dedicated Fashion Marketplaces
Zalando Lounge,Dedicated Fashion Marketplaces
ASOS Marketplace,Dedicated Fashion Marketplaces
Yoox,Dedicated Fashion Marketplaces
The Iconic,Dedicated Fashion Marketplaces
Fashion Days,Dedicated Fashion Marketplaces
Veepee,Dedicated Fashion Marketplaces
Showroomprive,Dedicated Fashion Marketplaces
Zulily,Dedicated Fashion Marketplaces
Gilt,Dedicated Fashion Marketplaces
Rue La La,Dedicated Fashion Marketplaces
Secoo,Dedicated Fashion Marketplaces
Namshi,Dedicated Fashion Marketplaces
Dafiti,Dedicated Fashion Marketplaces
Zalora,Dedicated Fashion Marketplaces
Berrylook,Dedicated Fashion Marketplaces
Modanisa,Dedicated Fashion Marketplaces
Cider,Dedicated Fashion Marketplaces
Shopbop,Dedicated Fashion Marketplaces
Revolve,Dedicated Fashion Marketplaces
FWRD,Dedicated Fashion Marketplaces
MatchesFashion,Dedicated Fashion Marketplaces
Net-A-Porter,Dedicated Fashion Marketplaces
Mr Porter,Dedicated Fashion Marketplaces
Farfetch,Dedicated Fashion Marketplaces
Mytheresa,Dedicated Fashion Marketplaces
SSENSE,Dedicated Fashion Marketplaces
Luisaviaroma,Dedicated Fashion Marketplaces
24S,Dedicated Fashion Marketplaces
Browns Fashion,Dedicated Fashion Marketplaces
Flannels,Dedicated Fashion Marketplaces
End Clothing,Dedicated Fashion Marketplaces
Slam Jam,Dedicated Fashion Marketplaces
Grailed,Dedicated Fashion Marketplaces
Zalando,Dedicated Fashion Marketplaces
SHEIN,Global Fast Fashion Web Stores
H&M,Global Fast Fashion Web Stores
Zara,Global Fast Fashion Web Stores
Forever 21,Global Fast Fashion Web Stores
Bershka,Global Fast Fashion Web Stores
Pull&Bear,Global Fast Fashion Web Stores
Stradivarius,Global Fast Fashion Web Stores
Massimo Dutti,Global Fast Fashion Web Stores
Mango,Global Fast Fashion Web Stores
ASOS Design,Global Fast Fashion Web Stores
Boohoo,Global Fast Fashion Web Stores
PrettyLittleThing,Global Fast Fashion Web Stores
Nasty Gal,Global Fast Fashion Web Stores
Missguided,Global Fast Fashion Web Stores
Fashion Nova,Global Fast Fashion Web Stores
Zaful,Global Fast Fashion Web Stores
Romwe,Global Fast Fashion Web Stores
Rosegal,Global Fast Fashion Web Stores
Dresslily,Global Fast Fashion Web Stores
New Look,Global Fast Fashion Web Stores
Topshop,Global Fast Fashion Web Stores
River Island,Global Fast Fashion Web Stores
Next,Global Fast Fashion Web Stores
Primark,Global Fast Fashion Web Stores
Uniqlo,Global Fast Fashion Web Stores
GU,Global Fast Fashion Web Stores
C&A,Global Fast Fashion Web Stores
Cotton On,Global Fast Fashion Web Stores
Factorie,Global Fast Fashion Web Stores
Supre,Global Fast Fashion Web Stores
Jay Jays,Global Fast Fashion Web Stores
Dotti,Global Fast Fashion Web Stores
Jacqui E,Global Fast Fashion Web Stores
Portmans,Global Fast Fashion Web Stores
Just Jeans,Global Fast Fashion Web Stores
Peter Alexander,Global Fast Fashion Web Stores
Sportsgirl,Global Fast Fashion Web Stores
Saba,Global Fast Fashion Web Stores
Monki,Global Fast Fashion Web Stores
Weekday,Global Fast Fashion Web Stores
Everlane,Direct-To-Consumer & Athleisure
Quince,Direct-To-Consumer & Athleisure
Reformation,Direct-To-Consumer & Athleisure
Allbirds,Direct-To-Consumer & Athleisure
Rothys,Direct-To-Consumer & Athleisure
Glossier,Direct-To-Consumer & Athleisure
Warby Parker,Direct-To-Consumer & Athleisure
Bonobos,Direct-To-Consumer & Athleisure
Chubbies,Direct-To-Consumer & Athleisure
Outdoor Voices,Direct-To-Consumer & Athleisure
Girlfriend Collective,Direct-To-Consumer & Athleisure
Gymshark,Direct-To-Consumer & Athleisure
Alala,Direct-To-Consumer & Athleisure
Fabletics,Direct-To-Consumer & Athleisure
Alo Yoga,Direct-To-Consumer & Athleisure
Lululemon,Direct-To-Consumer & Athleisure
Sweaty Betty,Direct-To-Consumer & Athleisure
Lorna Jane,Direct-To-Consumer & Athleisure
Rhone,Direct-To-Consumer & Athleisure
Vuori,Direct-To-Consumer & Athleisure
Mack Weldon,Direct-To-Consumer & Athleisure
MeUndies,Direct-To-Consumer & Athleisure
Tommy John,Direct-To-Consumer & Athleisure
Pair of Thieves,Direct-To-Consumer & Athleisure
Stance,Direct-To-Consumer & Athleisure
Bombas,Direct-To-Consumer & Athleisure
Cuup,Direct-To-Consumer & Athleisure
ThirdLove,Direct-To-Consumer & Athleisure
Adore Me,Direct-To-Consumer & Athleisure
Savage X Fenty,Direct-To-Consumer & Athleisure
Skims,Direct-To-Consumer & Athleisure
Good American,Direct-To-Consumer & Athleisure
Frame Denim,Direct-To-Consumer & Athleisure
Mother Denim,Direct-To-Consumer & Athleisure
7 For All Mankind,Direct-To-Consumer & Athleisure
J Brand,Direct-To-Consumer & Athleisure
AG Jeans,Direct-To-Consumer & Athleisure
Paige Jeans,Direct-To-Consumer & Athleisure
Citizens of Humanity,Direct-To-Consumer & Athleisure
DL1961,Direct-To-Consumer & Athleisure
Ralph Lauren,Premium & Mall Retail Brands
Tommy Hilfiger,Premium & Mall Retail Brands
Calvin Klein,Premium & Mall Retail Brands
Michael Kors,Premium & Mall Retail Brands
Coach,Premium & Mall Retail Brands
Kate Spade,Premium & Mall Retail Brands
Tory Burch,Premium & Mall Retail Brands
Marc Jacobs,Premium & Mall Retail Brands
Longchamp,Premium & Mall Retail Brands
Furla,Premium & Mall Retail Brands
Ted Baker,Premium & Mall Retail Brands
Reiss,Premium & Mall Retail Brands
Whistles,Premium & Mall Retail Brands
Hobbs,Premium & Mall Retail Brands
LK Bennett,Premium & Mall Retail Brands
J.Crew,Premium & Mall Retail Brands
Madewell,Premium & Mall Retail Brands
Banana Republic,Premium & Mall Retail Brands
Gap,Premium & Mall Retail Brands
Old Navy,Premium & Mall Retail Brands
Abercrombie & Fitch,Premium & Mall Retail Brands
Hollister,Premium & Mall Retail Brands
Gilly Hicks,Premium & Mall Retail Brands
American Eagle,Premium & Mall Retail Brands
Aerie,Premium & Mall Retail Brands
Urban Outfitters,Premium & Mall Retail Brands
Anthropologie,Premium & Mall Retail Brands
Free People,Premium & Mall Retail Brands
FP Movement,Premium & Mall Retail Brands
Lucky Brand,Premium & Mall Retail Brands
Levi's,Premium & Mall Retail Brands
Wrangler,Premium & Mall Retail Brands
Lee Jeans,Premium & Mall Retail Brands
Diesel,Premium & Mall Retail Brands
G-Star RAW,Premium & Mall Retail Brands
Replay,Premium & Mall Retail Brands
Pepe Jeans,Premium & Mall Retail Brands
Superdry,Premium & Mall Retail Brands
Jack & Jones,Premium & Mall Retail Brands
Vero Moda,Premium & Mall Retail Brands
Gucci,Luxury Houses & Designer Portals
Louis Vuitton,Luxury Houses & Designer Portals
Prada,Luxury Houses & Designer Portals
Chanel,Luxury Houses & Designer Portals
Hermes,Luxury Houses & Designer Portals
Dior,Luxury Houses & Designer Portals
Balenciaga,Luxury Houses & Designer Portals
Saint Laurent,Luxury Houses & Designer Portals
Valentino,Luxury Houses & Designer Portals
Fendi,Luxury Houses & Designer Portals
Burberry,Luxury Houses & Designer Portals
Alexander McQueen,Luxury Houses & Designer Portals
Givenchy,Luxury Houses & Designer Portals
Celine,Luxury Houses & Designer Portals
Chloe,Luxury Houses & Designer Portals
Loewe,Luxury Houses & Designer Portals
Bottega Veneta,Luxury Houses & Designer Portals
Miu Miu,Luxury Houses & Designer Portals
Dolce & Gabbana,Luxury Houses & Designer Portals
Versace,Luxury Houses & Designer Portals
Armani,Luxury Houses & Designer Portals
Salvatore Ferragamo,Luxury Houses & Designer Portals
Ermenegildo Zegna,Luxury Houses & Designer Portals
Brunello Cucinelli,Luxury Houses & Designer Portals
Loro Piana,Luxury Houses & Designer Portals
Tom Ford,Luxury Houses & Designer Portals
Stella McCartney,Luxury Houses & Designer Portals
Balmain,Luxury Houses & Designer Portals
Jacquemus,Luxury Houses & Designer Portals
Off-White,Luxury Houses & Designer Portals
Palm Angels,Luxury Houses & Designer Portals
Amiri,Luxury Houses & Designer Portals
Fear of God,Luxury Houses & Designer Portals
Rhude,Luxury Houses & Designer Portals
Stone Island,Luxury Houses & Designer Portals
Moncler,Luxury Houses & Designer Portals
Canada Goose,Luxury Houses & Designer Portals
Mackage,Luxury Houses & Designer Portals
Moose Knuckles,Luxury Houses & Designer Portals
Hernon,Luxury Houses & Designer Portals
Nike,Sportswear & Outdoor Giants
Adidas,Sportswear & Outdoor Giants
Puma,Sportswear & Outdoor Giants
Under Armour,Sportswear & Outdoor Giants
Reebok,Sportswear & Outdoor Giants
New Balance,Sportswear & Outdoor Giants
Asics,Sportswear & Outdoor Giants
Brooks,Sportswear & Outdoor Giants
Saucony,Sportswear & Outdoor Giants
Mizuno,Sportswear & Outdoor Giants
The North Face,Sportswear & Outdoor Giants
Patagonia,Sportswear & Outdoor Giants
Columbia Sportswear,Sportswear & Outdoor Giants
Arc'teryx,Sportswear & Outdoor Giants
Salomon,Sportswear & Outdoor Giants
Merrell,Sportswear & Outdoor Giants
Keen,Sportswear & Outdoor Giants
Teva,Sportswear & Outdoor Giants
Chaco,Sportswear & Outdoor Giants
Hoka,Sportswear & Outdoor Giants
On Running,Sportswear & Outdoor Giants
Athleta,Sportswear & Outdoor Giants
Champion,Sportswear & Outdoor Giants
Fila,Sportswear & Outdoor Giants
Kappa,Sportswear & Outdoor Giants
Umbro,Sportswear & Outdoor Giants
Lotto,Sportswear & Outdoor Giants
Diadora,Sportswear & Outdoor Giants
Spalding,Sportswear & Outdoor Giants
Wilson,Sportswear & Outdoor Giants
Oakley,Sportswear & Outdoor Giants
Billabong,Sportswear & Outdoor Giants
Quiksilver,Sportswear & Outdoor Giants
Roxy,Sportswear & Outdoor Giants
Rip Curl,Sportswear & Outdoor Giants
O'Neill,Sportswear & Outdoor Giants
Hurley,Sportswear & Outdoor Giants
Vans,Sportswear & Outdoor Giants
Converse,Sportswear & Outdoor Giants
Dr. Martens,Sportswear & Outdoor Giants
Nordstrom,Online Department Stores
Macy's,Online Department Stores
Bloomingdale's,Online Department Stores
Saks Fifth Avenue,Online Department Stores
Neiman Marcus,Online Department Stores
Bergdorf Goodman,Online Department Stores
Harrods,Online Department Stores
Selfridges,Online Department Stores
Harvey Nichols,Online Department Stores
Liberty London,Online Department Stores
John Lewis,Online Department Stores
Marks & Spencer,Online Department Stores
Debenhams,Online Department Stores
House of Fraser,Online Department Stores
Next UK Online,Online Department Stores
Galeries Lafayette,Online Department Stores
Printemps,Online Department Stores
Le Bon Marche,Online Department Stores
El Corte Ingles,Online Department Stores
La Rinascente,Online Department Stores
Kaufhof,Online Department Stores
Karstadt,Online Department Stores
Shoppers Stop,Online Department Stores
Lifestyle Stores,Online Department Stores
Westside,Online Department Stores
Pantaloons,Online Department Stores
Max Fashion,Online Department Stores
Reliance Trends,Online Department Stores
FBB,Online Department Stores
Globus,Online Department Stores
Hudson's Bay,Online Department Stores
Simons,Online Department Stores
David Jones,Online Department Stores
Myer,Online Department Stores
Takashimaya,Online Department Stores
Isetan,Online Department Stores
Mitsukoshi,Online Department Stores
Lane Crawford,Online Department Stores
Sogo,Online Department Stores
Seibu,Online Department Stores
Poshmark,"Resale, Thrift & Peer-to-Peer Apps"
Depop,"Resale, Thrift & Peer-to-Peer Apps"
Vinted,"Resale, Thrift & Peer-to-Peer Apps"
ThredUp,"Resale, Thrift & Peer-to-Peer Apps"
The RealReal,"Resale, Thrift & Peer-to-Peer Apps"
Vestiaire Collective,"Resale, Thrift & Peer-to-Peer Apps"
Grailed Store,"Resale, Thrift & Peer-to-Peer Apps"
StockX,"Resale, Thrift & Peer-to-Peer Apps"
GOAT,"Resale, Thrift & Peer-to-Peer Apps"
Stadium Goods,"Resale, Thrift & Peer-to-Peer Apps"
Mercari,"Resale, Thrift & Peer-to-Peer Apps"
Craigslist,"Resale, Thrift & Peer-to-Peer Apps"
OfferUp,"Resale, Thrift & Peer-to-Peer Apps"
Facebook Marketplace,"Resale, Thrift & Peer-to-Peer Apps"
Instagram Shopping,"Resale, Thrift & Peer-to-Peer Apps"
TikTok Shop,"Resale, Thrift & Peer-to-Peer Apps"
Pinterest Buying,"Resale, Thrift & Peer-to-Peer Apps"
Shopify Shop App,"Resale, Thrift & Peer-to-Peer Apps"
Etsy Fashion,"Resale, Thrift & Peer-to-Peer Apps"
Ruby Lane,"Resale, Thrift & Peer-to-Peer Apps"
1stdibs,"Resale, Thrift & Peer-to-Peer Apps"
Luxury Garage Sale,"Resale, Thrift & Peer-to-Peer Apps"
Rebag,"Resale, Thrift & Peer-to-Peer Apps"
Fashionphile,"Resale, Thrift & Peer-to-Peer Apps"
What Goes Around Comes Around,"Resale, Thrift & Peer-to-Peer Apps"
Beyond Retro,"Resale, Thrift & Peer-to-Peer Apps"
Rokit Vintage,"Resale, Thrift & Peer-to-Peer Apps"
True Facet,"Resale, Thrift & Peer-to-Peer Apps"
Chrono24,"Resale, Thrift & Peer-to-Peer Apps"
Sotheby's Wearable,"Resale, Thrift & Peer-to-Peer Apps"
