Rank,Name,Category,Primary_Domain,Apparel_Focus
1,Amazon India,Major Marketplaces,amazon.in,Multi-category & Fashion Marketplace
2,Myntra,Major Marketplaces,myntra.com,Dedicated Fashion & Lifestyle Marketplace
3,AJIO,Major Marketplaces,ajio.com,Fashion & Trendy Streetwear Marketplace
4,Flipkart,Major Marketplaces,flipkart.com,Multi-category & Fashion Retail
5,Meesho,Major Marketplaces,meesho.com,Value & Regional Indian Fashion Marketplace
6,Tata CLiQ,Major Marketplaces,tatacliq.com,Multi-brand Brand Fashion & Electronics
7,Tata CLiQ Luxury,Major Marketplaces,luxury.tatacliq.com,Luxury & Premium Designer Marketplace
8,Nykaa Fashion,Major Marketplaces,nykaafashion.com,Curated Fashion & Designer Apparel
9,Snapdeal,Major Marketplaces,snapdeal.com,Value Fashion & Daily Wear
10,JioMart,Major Marketplaces,jiomart.com,Everyday Apparel & Family Fashion
11,LimeRoad,Major Marketplaces,limeroad.com,Fast Fashion & Curated Scrapbook Styling
12,Shoppers Stop,Major Marketplaces,shoppersstop.com,Department Store Fashion & Premium Brands
13,Lifestyle,Major Marketplaces,lifestylestores.com,Modern Department Store Apparel
14,Max Fashion,Major Marketplaces,maxfashion.in,Budget & Family Fashion Retail
15,Pantaloons,Major Marketplaces,pantaloons.com,Casual & Ethnic Ready-to-Wear
16,Reliance Trends,Major Marketplaces,trends.ajio.com,Value & High-Street Apparel
17,Westside,Major Marketplaces,westside.com,Exclusive In-House Fashion & Lifestyle
18,FirstCry,Major Marketplaces,firstcry.com,Kids & Maternity Fashion
19,Bewakoof,Major Marketplaces,bewakoof.com,Graphic Tees & Gen Z Casualwear
20,Craftsvilla,Major Marketplaces,craftsvilla.com,Handloom & Traditional Ethnic Wear
21,H&M,International / Major Fashion Brands,hm.com/en_in,Global Fast Fashion & Trendwear
22,Zara,International / Major Fashion Brands,zara.com/in,High-Street Runway Fast Fashion
23,UNIQLO,International / Major Fashion Brands,uniqlo.com/in,LifeWear & Quality Modern Basics
24,Mango,International / Major Fashion Brands,shop.mango.com/in,Contemporary European Styling
25,Levi's,International / Major Fashion Brands,levi.in,Heritage Denim & Casualwear
26,Tommy Hilfiger,International / Major Fashion Brands,tommyhilfiger.in,Classic American Cool & Preppy
27,Calvin Klein,International / Major Fashion Brands,calvinklein.in,Minimalist Tailoring & Designer Underwear
28,U.S. Polo Assn.,International / Major Fashion Brands,uspoloassn.in,Sport-Inspired Casual Classics
29,Jack & Jones,International / Major Fashion Brands,jackjones.in,Urban Menswear & Jeans
30,Only,International / Major Fashion Brands,only.in,Trendy Denim & Womenswear
31,Vero Moda,International / Major Fashion Brands,veromoda.in,Chic Contemporary Women's Fashion
32,Marks & Spencer,International / Major Fashion Brands,marksandspencer.in,British Heritage Casual & Formalwear
33,Superdry,International / Major Fashion Brands,superdry.in,Vintage Americana & Japanese Graphics
34,Pepe Jeans,International / Major Fashion Brands,pepejeans.in,London Denim & Casualwear
35,Lee,International / Major Fashion Brands,lee.in,Authentic American Denim & Workwear
36,Wrangler,International / Major Fashion Brands,wrangler.in,Durable Western Heritage Denim
37,GAP,International / Major Fashion Brands,gap.in,American Optimism & Everyday Denim
38,Forever 21,International / Major Fashion Brands,forever21.in,Fast Fashion & Youth Trends
39,American Eagle,International / Major Fashion Brands,aeo.in,Jeans & Laidback Youth Apparel
40,Crocs,International / Major Fashion Brands,crocs.in,Casual Footwear & Lifestyle Accessories
41,Nike,Sportswear / Athleisure,nike.com/in,Athletic Performance & Sneaker Culture
42,Adidas,Sportswear / Athleisure,adidas.co.in,Sport Performance & Originals Streetwear
43,Puma,Sportswear / Athleisure,in.puma.com,Sportstyle, Training & Running Apparel
44,Reebok,Sportswear / Athleisure,reebok.abfrl.in,Fitness, Gym & Classic Sportswear
45,Asics,Sportswear / Athleisure,asics.com/in,High-Performance Running & Technical Gear
46,New Balance,Sportswear / Athleisure,newbalance.co.in,Heritage Running & Athletic Lifestyle
47,Skechers,Sportswear / Athleisure,skechers.in,Comfort Athleisure & Activewear
48,Under Armour,Sportswear / Athleisure,underarmour.in,Technical Training & Performance Apparel
49,Decathlon,Sportswear / Athleisure,decathlon.in,Multi-Sport Technical Clothing
50,HRX,Sportswear / Athleisure,hrxbrand.com,Celebrity Activewear & Gym Apparel
51,FabIndia,Indian Fashion & Ethnic Brands,fabindia.com,Artisanal Handloom & Ethnic Wear
52,Manyavar,Indian Fashion & Ethnic Brands,manyavar.com,Men's Festive, Sherwani & Wedding Wear
53,Mohey,Indian Fashion & Ethnic Brands,manyavar.com/mohey,Women's Bridal Lehengas & Sarees
54,W for Woman,Indian Fashion & Ethnic Brands,wforwoman.com,Contemporary Indian Work & Casual Wear
55,Biba,Indian Fashion & Ethnic Brands,biba.in,Traditional Salwar Suits & Festive Kurtis
56,Aurelia,Indian Fashion & Ethnic Brands,shopforaurelia.com,Effortless Everyday Ethnic Wear
57,Libas,Indian Fashion & Ethnic Brands,libas.in,Ethnic Kurta Sets & Dresses
58,Global Desi,Indian Fashion & Ethnic Brands,globaldesi.in,Boho-Chic Indo-Western Fusion
59,AND,Indian Fashion & Ethnic Brands,andindia.com,Contemporary Western Workwear for Women
60,Rangriti,Indian Fashion & Ethnic Brands,rangriti.com,Vibrant & Affordable Indian Ethnic Wear
61,Soch,Indian Fashion & Ethnic Brands,soch.com,Designer Sarees, Gowns & Kurtas
62,Aachho,Indian Fashion & Ethnic Brands,aachho.com,Handcrafted Rajasthani Ethnic Ensembles
63,House of Indya,Indian Fashion & Ethnic Brands,houseofindya.com,Occasion Wear & Fusion Tunics
64,Indya,Indian Fashion & Ethnic Brands,indya.com,Modern Ethnic Pre-Draped Sarees & Sets
65,Jaypore,Indian Fashion & Ethnic Brands,jaypore.com,Curated Artisanal Crafts & Heritage Apparel
66,Chidiyaa,Indian Fashion & Ethnic Brands,chidiyaa.com,Eco-friendly Block-Printed Cotton Sarees
67,Okhai,Indian Fashion & Ethnic Brands,okhai.org,Rural Women Artisan Handcrafted Apparel
68,Bunaai,Indian Fashion & Ethnic Brands,bunaai.com,Women's Ethnic & Resort Loungewear
69,Libas Art,Indian Fashion & Ethnic Brands,libasart.com,Bridal Couture & Designer Ethnic Wear
70,FabAlley,Indian Fashion & Ethnic Brands,faballey.com,Fast Fashion Partywear & Clubwear
71,The Souled Store,Youth / D2C Fashion,thesouledstore.com,Pop Culture Merch & Oversized Tees
72,Bonkers Corner,Youth / D2C Fashion,bonkerscorner.com,Gen Z Streetwear & Baggy Aesthetic
73,Snitch,Youth / D2C Fashion,snitch.co.in,Men's Fast-Moving Fast Fashion
74,Rare Rabbit,Youth / D2C Fashion,thehouseofrare.com,Premium European-Aesthetic Menswear
75,Urbanic,Youth / D2C Fashion,urbanic.com,London-Design Fast Fashion & Dresses
76,The Bear House,Youth / D2C Fashion,thebearhouse.com,Contemporary Smart Casual Shirts
77,Nobero,Youth / D2C Fashion,nobero.com,Travelwear, Joggers & Athleisure Basics
78,Campus Sutra,Youth / D2C Fashion,campussutra.com,Collegiate Casuals & Jackets
79,Redwolf,Youth / D2C Fashion,redwolf.in,Indie Pop Culture & Graphic Hoodies
80,Bewakoof,Youth / D2C Fashion,bewakoof.com,Everyday Quirky Casualwear & Loungewear
81,Aza Fashions,Premium / Designer / Luxury,azafashions.com,Luxury Multi-Designer Indian Couture
82,Pernia's Pop-Up Shop,Premium / Designer / Luxury,perniaspopupshop.com,Curated Luxury Bridal & Designer Wear
83,Ogaan,Premium / Designer / Luxury,ogaan.com,Pioneering Indian High-Fashion Couture
84,Nykaa Fashion Luxury,Premium / Designer / Luxury,nykaafashion.com/luxury,Curated Global & Indian Luxury Houses
85,Tata CLiQ Luxury,Premium / Designer / Luxury,luxury.tatacliq.com,Authorized Global Luxury Bridge Portal
86,AJIO Luxe,Premium / Designer / Luxury,luxe.ajio.com,High-End Designer Street & Formal Apparel
87,Ensemble,Premium / Designer / Luxury,ensembleindia.com,Iconic Indian Designer Collective
88,House of Masaba,Premium / Designer / Luxury,houseofmasaba.com,Bold Contemporary Ethnic & Fusion Prints
89,Sabyasachi,Premium / Designer / Luxury,sabyasachi.com,India's Foremost Bridal & Royal Couture
90,Anita Dongre,Premium / Designer / Luxury,anitadongre.com,Eco-Conscious Luxury Bridal & Resortwear
91,Raymond,Additional Brands / Menswear,raymond.in,Fine Suiting, Tailoring & Formalwear
92,Peter England,Additional Brands / Menswear,peterengland.abfrl.in,Honest Menswear & Business Shirts
93,Louis Philippe,Additional Brands / Menswear,louisphilippe.abfrl.in,Gentleman's Premium Tailored Shirts & Suits
94,Van Heusen,Additional Brands / Menswear,vanheusenindia.abfrl.in,Power Dressing & Smart Corporate Wear
95,Allen Solly,Additional Brands / Menswear,allensolly.abfrl.in,Friday Dressing & Smart Casualwear
96,Park Avenue,Additional Brands / Menswear,parkavenue.in,Contemporary Executive Wardrobe
97,Blackberrys,Additional Brands / Menswear,blackberrys.com,Sharp Fit Suits & Refined Blazers
98,Manyavar,Additional Brands / Menswear,manyavar.com,Celebration & Traditional Men's Kurtas
99,Louis Philippe Sport,Additional Brands / Menswear,louisphilippe.abfrl.in,Polos & Smart Casual Weekend Wear
100,Campus Sutra,Additional Brands / Menswear,campussutra.com,College Hoodies, Sweatshirts & Streetwear
